,RA,DEC,Z,B,R,x_deg,y_deg,x_mm,y_mm,flag,yline_mm,shift,slit_length,slit_width
0,351.63229675699995,-1.89532442,0.732,0.0,0.0,-0.22088238948377922,-0.04003850936472778,-9.3221927436972,-1.689798368899516,./qmult14/,1.282404972264676,-2.792347205120005,0.47272727,0.075
1,351.646688302,-1.91677546,0.732,0.0,0.0,-0.20649621007554445,-0.06148791328885402,-8.71595571546094,-2.5953305828987903,./qmult14/,0.4734997115922366,-2.792347205120005,0.47272727,0.075
