,RA,DEC,Z,B,R,x_deg,y_deg,x_mm,y_mm,flag,yline_mm,shift,slit_length,slit_width
4,0.28894000000000003,1.44459,0.725,18.52,18.39,0.2548085776824665,0.005855661242800084,10.74985226874078,0.24703836059371156,./qmult1/,2.4977267305708124,-2.2768965759999946,0.47272727,0.075
5,0.20073,1.5538,0.664,19.84,19.38,0.18692167702294513,0.1287130231827922,7.8886694558317165,5.43208530290049,./qmult1/,2.639170095956739,2.2148874777599876,0.47272727,0.075
14,0.26145999999999997,1.4949700000000001,0.726,21.08,20.0,0.23649792722726182,0.06023900110119733,9.978798853783994,2.541725765588142,./qmult1/,4.622280586346857,-2.350532380159988,0.47272727,0.075
15,0.34967,1.33461,0.721,21.48,21.5,0.2955144555810578,-0.11299253746242091,12.455491747973143,-4.762466239353542,./qmult1/,-2.2788493432136283,-1.9823533593599925,0.47272727,0.075
