,RA,DEC,Z,B,R,x_deg,y_deg,x_mm,y_mm,flag,yline_mm,shift,slit_length,slit_width
3,14.772960000000001,0.11435,0.7190000000000001,17.88,17.18,0.16090796996665332,0.08254299968241963,6.7942147847059475,3.485314424962899,./qmult5/,4.947963904361319,-1.8350817510400053,0.47272727,0.075
7,14.364510000000001,-0.02437,0.657,20.13,18.86,-0.26542532599990026,0.016856452227268077,-11.196029780247189,0.7110298929269409,./qmult5/,-2.094643384026936,2.730338106879998,0.47272727,0.075
9,14.34419,-0.08793,0.657,20.37,19.18,-0.29647386973095036,-0.04221020573555305,-12.499396354705528,-1.7795905324848371,./qmult5/,-4.32217989392144,2.730338106879998,0.47272727,0.075
10,14.581879999999998,-0.0281,0.733,20.57,20.13,-0.05200532031521608,-0.024562540514562338,-2.197612879210593,-1.0379506376223713,./qmult5/,1.9396743664854519,-2.8659830092799985,0.47272727,0.075
11,14.51883,-0.03288,0.747,20.65,20.13,-0.11492750009276641,-0.01832145369051216,-4.85520876648456,-0.7740051989394519,./qmult5/,3.2059410447690833,-3.8968842675199915,0.47272727,0.075
16,14.70766,0.06711,0.73,21.65,21.31,0.08839684891763688,0.047359610694602636,3.734748022927276,2.000933456045201,./qmult5/,4.431113025615083,-2.64507559679999,0.47272727,0.075
